{"stats":{"minecraft:dropped":{"minecraft:acacia_boat":2,"minecraft:wheat_seeds":2,"untamedwilds:hide_bear_ashen":3,"minecraft:cobblestone":3,"minecraft:granite":1,"minecraft:spruce_stairs":2,"minecraft:acacia_log":1,"minecraft:rail":17,"minecraft:dirt":22,"minecraft:repeater":2,"gravestone:obituary":3,"minecraft:chainmail_leggings":1,"minecraft:string":2,"minecraft:dark_oak_planks":1,"minecraft:smooth_basalt":2,"minecraft:oak_trapdoor":1,"minecraft:detector_rail":4,"minecraft:cobbled_deepslate":1,"minecraft:deepslate":1,"minecraft:rotten_flesh":7,"minecraft:glowstone_dust":1,"minecraft:gunpowder":22,"spelunkers_charm:rock":4,"minecraft:ladder":1,"minecraft:chest":1,"farmersdelight:rope":36,"minecraft:powered_rail":3,"minecraft:stone_pickaxe":3,"minecraft:wooden_pickaxe":1},"minecraft:killed_by":{"monsterplus:crystal_zombie":1},"minecraft:custom":{"minecraft:mob_kills":4,"minecraft:interact_with_crafting_table":6,"minecraft:open_barrel":7,"minecraft:leave_game":1,"minecraft:time_since_death":34669,"minecraft:climb_one_cm":11659,"minecraft:sprint_one_cm":79476,"minecraft:walk_one_cm":213807,"minecraft:drop":42,"minecraft:talked_to_villager":8,"minecraft:play_time":54221,"minecraft:deaths":1,"minecraft:sneak_time":449,"minecraft:walk_under_water_one_cm":16669,"minecraft:jump":1084,"minecraft:walk_on_water_one_cm":35092,"minecraft:total_world_time":54221,"minecraft:interact_with_furnace":8,"minecraft:sleep_in_bed":2,"minecraft:time_since_rest":10409,"minecraft:damage_taken":1668,"minecraft:damage_dealt":1128,"minecraft:fly_one_cm":100904,"minecraft:open_chest":13,"minecraft:crouch_one_cm":1628,"minecraft:fall_one_cm":25438,"minecraft:inspect_dispenser":1},"minecraft:broken":{"minecraft:stone_pickaxe":1,"minecraft:wooden_axe":2},"minecraft:used":{"minecraft:torch":19,"minecraft:jungle_planks":8,"minecraft:cyan_wool":2,"minecraft:wooden_axe":69,"minecraft:dark_oak_planks":12,"minecraft:lantern":2,"untamedwilds:food_bear_cooked":3,"minecraft:stone_bricks":2,"minecraft:beef":1,"minecraft:furnace":1,"minecraft:cooked_beef":1,"minecraft:acacia_planks":21,"minecraft:mossy_stone_bricks":1,"minecraft:stone_pickaxe":78,"minecraft:wooden_pickaxe":20,"minecraft:cookie":1,"minecraft:crafting_table":3,"minecraft:spider_eye":2,"minecraft:white_bed":2,"minecraft:cod":3,"minecraft:apple":2,"minecraft:stripped_jungle_log":3,"minecraft:mangrove_propagule":1,"minecraft:string":3,"minecraft:cobblestone":5},"minecraft:crafted":{"minecraft:furnace":1,"untamedwilds:food_bear_cooked":4,"minecraft:dark_oak_planks":12,"minecraft:crafting_table":2,"minecraft:wooden_pickaxe":1,"minecraft:air":0,"minecraft:jungle_planks":8,"minecraft:stick":12,"minecraft:wooden_axe":2,"minecraft:acacia_planks":44,"minecraft:torch":16},"minecraft:killed":{"minecraft:spider":2,"minecraft:zombie":3},"minecraft:mined":{"minecraft:white_bed":2,"minecraft:dark_oak_leaves":8,"minecraft:mangrove_roots":1,"minecraft:granite":1,"gravestone:gravestone":1,"minecraft:acacia_log":15,"minecraft:jungle_log":2,"minecraft:mangrove_propagule":1,"minecraft:spawner":1,"minecraft:large_fern":1,"minecraft:bookshelf":6,"minecraft:vine":3,"minecraft:stripped_jungle_log":3,"minecraft:stone":11,"spelunkers_charm:rock_pile_1":1,"minecraft:acacia_leaves":2,"minecraft:crafting_table":1,"minecraft:torch":3,"minecraft:dark_oak_wood":3,"minecraft:oak_wood":1,"minecraft:chest":1,"minecraft:cobblestone":4,"minecraft:grass":1,"minecraft:coal_ore":14,"minecraft:cocoa":1,"minecraft:smooth_basalt":2,"minecraft:stone_bricks":2,"minecraft:mossy_stone_bricks":1,"minecraft:deepslate":1,"minecraft:oak_leaves":11,"minecraft:fern":1},"minecraft:picked_up":{"minecraft:cocoa_beans":12,"minecraft:crafting_table":1,"minecraft:ladder":1,"spelunkers_charm:deepslate_rock":10,"gravestone:obituary":2,"minecraft:string":5,"minecraft:oak_trapdoor":1,"minecraft:raw_copper":5,"untamedwilds:food_bear_raw":4,"minecraft:iron_leggings":1,"minecraft:cobbled_deepslate":1,"minecraft:detector_rail":4,"minecraft:beef":1,"minecraft:cyan_wool":4,"minecraft:chest":1,"farmersdelight:cabbage_seeds":4,"untamedwilds:hide_bear_ashen":3,"minecraft:iron_boots":1,"minecraft:torch":3,"minecraft:acacia_log":12,"minecraft:spruce_stairs":2,"farmersdelight:tomato_seeds":8,"minecraft:dark_oak_planks":1,"minecraft:arrow":3,"minecraft:rotten_flesh":7,"farmersdelight:rope":36,"minecraft:mangrove_roots":1,"minecraft:glow_berries":5,"minecraft:cod":3,"minecraft:rail":17,"minecraft:cobblestone":16,"minecraft:repeater":2,"minecraft:cooked_beef":1,"farmersdelight:rice":9,"minecraft:jungle_log":2,"minecraft:gunpowder":22,"minecraft:acacia_boat":2,"minecraft:dirt":22,"minecraft:lantern":3,"minecraft:name_tag":1,"untamedwilds:food_turtle_raw":1,"minecraft:leather_boots":1,"minecraft:bone":2,"minecraft:stone_bricks":2,"minecraft:bow":1,"minecraft:wheat_seeds":5,"minecraft:stone_pickaxe":4,"minecraft:mossy_stone_bricks":1,"minecraft:glass_bottle":3,"minecraft:glowstone_dust":1,"minecraft:powered_rail":3,"minecraft:book":18,"minecraft:smooth_basalt":2,"minecraft:white_bed":3,"minecraft:spider_eye":2,"minecraft:stripped_jungle_log":3,"minecraft:pumpkin_seeds":4,"minecraft:deepslate":1,"minecraft:chainmail_leggings":1,"minecraft:granite":1,"spelunkers_charm:rock":4,"minecraft:melon_seeds":5,"minecraft:dark_oak_wood":3,"minecraft:mangrove_propagule":1,"minecraft:coal":14}},"DataVersion":3120}