{"stats":{"minecraft:dropped":{"minecraft:dirt":11,"minecraft:acacia_boat":1,"minecraft:wheat_seeds":2,"minecraft:oak_trapdoor":1,"minecraft:ladder":1,"gravestone:obituary":1,"minecraft:spruce_stairs":2},"minecraft:custom":{"minecraft:time_since_rest":4714,"minecraft:sprint_one_cm":5408,"minecraft:damage_taken":155,"minecraft:walk_one_cm":10904,"minecraft:mob_kills":1,"minecraft:drop":9,"minecraft:damage_dealt":325,"minecraft:fly_one_cm":8340,"minecraft:interact_with_crafting_table":2,"minecraft:play_time":4714,"minecraft:jump":72,"minecraft:time_since_death":4714,"minecraft:total_world_time":4714,"minecraft:fall_one_cm":1794},"minecraft:used":{"minecraft:wooden_axe":26,"minecraft:lantern":2,"minecraft:wooden_pickaxe":20,"minecraft:crafting_table":1},"minecraft:crafted":{"minecraft:crafting_table":1,"minecraft:stick":8,"minecraft:wooden_pickaxe":1,"minecraft:wooden_axe":1,"minecraft:acacia_planks":24},"minecraft:killed":{"minecraft:zombie":1},"minecraft:mined":{"minecraft:acacia_leaves":1,"minecraft:crafting_table":1,"minecraft:granite":1,"minecraft:grass":1,"minecraft:acacia_log":6,"minecraft:coal_ore":14,"minecraft:stone":4,"spelunkers_charm:rock_pile_1":1},"minecraft:picked_up":{"minecraft:crafting_table":1,"minecraft:ladder":1,"minecraft:acacia_log":6,"minecraft:spruce_stairs":2,"gravestone:obituary":1,"minecraft:gunpowder":2,"minecraft:acacia_boat":1,"minecraft:oak_trapdoor":1,"minecraft:dirt":11,"minecraft:lantern":2,"minecraft:rotten_flesh":2,"minecraft:wheat_seeds":2,"minecraft:granite":1,"minecraft:cyan_wool":4,"spelunkers_charm:rock":1,"minecraft:coal":14,"minecraft:cobblestone":4}},"DataVersion":3120}