{"stats":{"minecraft:dropped":{"minecraft:acacia_boat":2,"minecraft:wheat_seeds":2,"minecraft:oak_trapdoor":1,"minecraft:cobbled_deepslate":1,"minecraft:deepslate":1,"minecraft:rotten_flesh":6,"minecraft:spruce_stairs":2,"minecraft:dirt":22,"minecraft:gunpowder":22,"minecraft:repeater":2,"spelunkers_charm:rock":4,"minecraft:chest":1,"minecraft:ladder":1,"farmersdelight:rope":20,"gravestone:obituary":1,"minecraft:powered_rail":3,"minecraft:stone_pickaxe":3,"minecraft:wooden_pickaxe":1,"minecraft:string":2},"minecraft:custom":{"minecraft:interact_with_furnace":2,"minecraft:mob_kills":2,"minecraft:interact_with_crafting_table":4,"minecraft:open_barrel":2,"minecraft:time_since_death":16714,"minecraft:climb_one_cm":523,"minecraft:time_since_rest":16714,"minecraft:sprint_one_cm":20366,"minecraft:damage_taken":681,"minecraft:walk_one_cm":59520,"minecraft:drop":28,"minecraft:damage_dealt":617,"minecraft:fly_one_cm":22536,"minecraft:open_chest":2,"minecraft:crouch_one_cm":371,"minecraft:play_time":16714,"minecraft:sneak_time":136,"minecraft:walk_under_water_one_cm":687,"minecraft:jump":231,"minecraft:walk_on_water_one_cm":3810,"minecraft:total_world_time":16714,"minecraft:fall_one_cm":3661},"minecraft:broken":{"minecraft:wooden_axe":1},"minecraft:used":{"minecraft:stone_pickaxe":17,"minecraft:wooden_pickaxe":20,"minecraft:torch":9,"minecraft:crafting_table":2,"minecraft:spider_eye":1,"minecraft:cod":3,"minecraft:wooden_axe":46,"minecraft:lantern":2,"minecraft:mangrove_propagule":1,"minecraft:cobblestone":2,"minecraft:beef":1,"minecraft:cooked_beef":1},"minecraft:killed":{"minecraft:spider":1,"minecraft:zombie":2},"minecraft:crafted":{"minecraft:crafting_table":1,"minecraft:wooden_pickaxe":1,"minecraft:stick":12,"minecraft:wooden_axe":2,"minecraft:acacia_planks":24,"minecraft:torch":16},"minecraft:mined":{"minecraft:acacia_leaves":1,"minecraft:crafting_table":1,"minecraft:torch":3,"minecraft:granite":1,"minecraft:acacia_log":6,"minecraft:chest":1,"minecraft:mangrove_propagule":1,"minecraft:grass":1,"minecraft:coal_ore":14,"minecraft:smooth_basalt":2,"minecraft:stone":4,"spelunkers_charm:rock_pile_1":1,"minecraft:deepslate":1},"minecraft:picked_up":{"minecraft:crafting_table":1,"farmersdelight:rice":7,"minecraft:cooked_beef":1,"minecraft:repeater":2,"minecraft:ladder":1,"gravestone:obituary":2,"minecraft:gunpowder":22,"minecraft:acacia_boat":2,"minecraft:raw_copper":5,"minecraft:dirt":22,"minecraft:oak_trapdoor":1,"minecraft:string":2,"minecraft:lantern":2,"minecraft:name_tag":1,"untamedwilds:food_turtle_raw":1,"minecraft:iron_leggings":1,"minecraft:bow":1,"minecraft:wheat_seeds":2,"minecraft:detector_rail":4,"minecraft:cobbled_deepslate":1,"minecraft:beef":1,"minecraft:stone_pickaxe":4,"minecraft:cyan_wool":4,"minecraft:glass_bottle":3,"minecraft:powered_rail":3,"minecraft:chest":1,"minecraft:iron_boots":1,"minecraft:smooth_basalt":2,"minecraft:torch":3,"minecraft:acacia_log":6,"minecraft:spruce_stairs":2,"farmersdelight:tomato_seeds":6,"minecraft:spider_eye":1,"minecraft:dark_oak_planks":1,"minecraft:pumpkin_seeds":4,"minecraft:rotten_flesh":6,"minecraft:deepslate":1,"minecraft:chainmail_leggings":1,"minecraft:granite":1,"farmersdelight:rope":20,"minecraft:glow_berries":4,"minecraft:melon_seeds":3,"minecraft:coal":14,"spelunkers_charm:rock":4,"minecraft:mangrove_propagule":1,"minecraft:cod":3,"minecraft:cobblestone":4}},"DataVersion":3120}