{"stats":{"minecraft:dropped":{"minecraft:acacia_boat":2,"minecraft:wheat_seeds":2,"minecraft:oak_trapdoor":1,"minecraft:cobbled_deepslate":1,"minecraft:deepslate":1,"minecraft:cobblestone":3,"minecraft:rotten_flesh":7,"minecraft:spruce_stairs":2,"minecraft:rail":17,"minecraft:dirt":22,"minecraft:gunpowder":22,"minecraft:repeater":2,"spelunkers_charm:rock":4,"minecraft:chest":1,"minecraft:ladder":1,"farmersdelight:rope":20,"gravestone:obituary":1,"minecraft:powered_rail":3,"minecraft:stone_pickaxe":3,"minecraft:wooden_pickaxe":1,"minecraft:chainmail_leggings":1,"minecraft:string":2},"minecraft:killed_by":{"monsterplus:crystal_zombie":1},"minecraft:custom":{"minecraft:interact_with_furnace":5,"minecraft:mob_kills":3,"minecraft:interact_with_crafting_table":6,"minecraft:open_barrel":6,"minecraft:time_since_death":9162,"minecraft:climb_one_cm":871,"minecraft:time_since_rest":9225,"minecraft:sprint_one_cm":42886,"minecraft:damage_taken":1168,"minecraft:walk_one_cm":96248,"minecraft:drop":32,"minecraft:damage_dealt":908,"minecraft:fly_one_cm":49683,"minecraft:open_chest":4,"minecraft:crouch_one_cm":371,"minecraft:play_time":28714,"minecraft:deaths":1,"minecraft:sneak_time":136,"minecraft:walk_under_water_one_cm":7346,"minecraft:jump":491,"minecraft:walk_on_water_one_cm":24804,"minecraft:total_world_time":28714,"minecraft:fall_one_cm":11146},"minecraft:broken":{"minecraft:wooden_axe":1},"minecraft:used":{"minecraft:stone_pickaxe":46,"minecraft:wooden_pickaxe":20,"minecraft:torch":19,"minecraft:crafting_table":3,"minecraft:spider_eye":2,"minecraft:cod":3,"minecraft:wooden_axe":55,"untamedwilds:food_bear_cooked":1,"minecraft:lantern":2,"minecraft:mangrove_propagule":1,"minecraft:cobblestone":2,"minecraft:beef":1,"minecraft:furnace":1,"minecraft:acacia_planks":12,"minecraft:cooked_beef":1},"minecraft:killed":{"minecraft:spider":2,"minecraft:zombie":2},"minecraft:crafted":{"minecraft:crafting_table":2,"minecraft:wooden_pickaxe":1,"minecraft:furnace":1,"minecraft:air":0,"minecraft:stick":12,"minecraft:wooden_axe":2,"untamedwilds:food_bear_cooked":4,"minecraft:acacia_planks":44,"minecraft:torch":16},"minecraft:mined":{"minecraft:acacia_leaves":2,"gravestone:gravestone":1,"minecraft:crafting_table":1,"minecraft:torch":3,"minecraft:granite":1,"minecraft:acacia_log":15,"minecraft:chest":1,"minecraft:cobblestone":4,"minecraft:mangrove_propagule":1,"minecraft:grass":1,"minecraft:coal_ore":14,"minecraft:smooth_basalt":2,"minecraft:stone":11,"spelunkers_charm:rock_pile_1":1,"minecraft:deepslate":1},"minecraft:picked_up":{"minecraft:crafting_table":1,"farmersdelight:rice":9,"minecraft:cooked_beef":1,"minecraft:repeater":2,"minecraft:ladder":1,"spelunkers_charm:deepslate_rock":10,"gravestone:obituary":2,"minecraft:gunpowder":22,"minecraft:acacia_boat":2,"minecraft:raw_copper":5,"minecraft:dirt":22,"minecraft:oak_trapdoor":1,"minecraft:string":5,"minecraft:lantern":2,"untamedwilds:food_bear_raw":4,"minecraft:name_tag":1,"untamedwilds:food_turtle_raw":1,"minecraft:iron_leggings":1,"minecraft:bone":2,"minecraft:bow":1,"minecraft:wheat_seeds":2,"minecraft:detector_rail":4,"minecraft:cobbled_deepslate":1,"minecraft:beef":1,"minecraft:stone_pickaxe":4,"minecraft:cyan_wool":4,"minecraft:glass_bottle":3,"minecraft:glowstone_dust":1,"minecraft:powered_rail":3,"minecraft:chest":1,"farmersdelight:cabbage_seeds":4,"untamedwilds:hide_bear_ashen":3,"minecraft:iron_boots":1,"minecraft:smooth_basalt":2,"minecraft:torch":3,"minecraft:acacia_log":12,"minecraft:spruce_stairs":2,"farmersdelight:tomato_seeds":8,"minecraft:spider_eye":2,"minecraft:dark_oak_planks":1,"minecraft:pumpkin_seeds":4,"minecraft:arrow":3,"minecraft:rotten_flesh":7,"minecraft:deepslate":1,"minecraft:chainmail_leggings":1,"minecraft:granite":1,"farmersdelight:rope":36,"minecraft:glow_berries":4,"minecraft:melon_seeds":5,"minecraft:coal":14,"spelunkers_charm:rock":4,"minecraft:mangrove_propagule":1,"minecraft:cod":3,"minecraft:rail":17,"minecraft:cobblestone":13}},"DataVersion":3120}