{"stats":{"minecraft:dropped":{"minecraft:acacia_boat":1,"minecraft:kelp":1,"minecraft:wheat_seeds":6,"minecraft:oak_trapdoor":8,"minecraft:baked_potato":5,"minecraft:raw_copper":4,"minecraft:sandstone_slab":2,"minecraft:lantern":2,"minecraft:black_terracotta":1,"minecraft:birch_pressure_plate":1,"minecraft:iron_boots":1,"minecraft:granite":1,"minecraft:spruce_stairs":4,"minecraft:cod":2,"minecraft:repeater":1,"minecraft:cooked_cod":1,"minecraft:chainmail_boots":1,"minecraft:ladder":2,"gravestone:obituary":4,"minecraft:gold_nugget":1,"minecraft:iron_bars":1,"minecraft:stone_pickaxe":1,"minecraft:beef":1,"minecraft:wooden_pickaxe":1,"minecraft:tripwire_hook":3},"minecraft:killed_by":{"untamedwilds:boar":1,"minecraft:silverfish":3},"minecraft:custom":{"minecraft:mob_kills":102,"minecraft:interact_with_crafting_table":9,"minecraft:open_barrel":33,"minecraft:leave_game":3,"minecraft:time_since_death":15651,"minecraft:climb_one_cm":4492,"minecraft:time_since_rest":15709,"minecraft:sprint_one_cm":118194,"minecraft:damage_taken":6567,"minecraft:walk_one_cm":151001,"minecraft:drop":45,"minecraft:damage_dealt":4115,"minecraft:swim_one_cm":61500,"minecraft:fly_one_cm":104739,"minecraft:open_chest":7,"minecraft:crouch_one_cm":5770,"minecraft:play_time":58299,"minecraft:deaths":5,"minecraft:sneak_time":1829,"minecraft:walk_under_water_one_cm":29084,"minecraft:boat_one_cm":26707,"minecraft:jump":658,"minecraft:walk_on_water_one_cm":29934,"minecraft:total_world_time":58299,"minecraft:fall_one_cm":15727},"minecraft:broken":{"minecraft:leather_chestplate":1},"minecraft:used":{"minecraft:oak_fence":1,"minecraft:acacia_boat":1,"minecraft:water_bucket":2,"minecraft:flint_and_steel":28,"minecraft:stone_pickaxe":60,"minecraft:spruce_slab":2,"minecraft:baked_potato":5,"minecraft:ladder":4,"minecraft:spruce_planks":2,"minecraft:wooden_pickaxe":8,"minecraft:iron_sword":125,"minecraft:cooked_salmon":2,"minecraft:torch":39,"minecraft:dirt":1,"minecraft:sand":1,"minecraft:tnt":1,"minecraft:crafting_table":4,"minecraft:cod":1,"minecraft:black_terracotta":1,"minecraft:iron_axe":1,"minecraft:bread":7,"minecraft:packed_mud":2,"minecraft:iron_pickaxe":11,"minecraft:iron_boots":1,"minecraft:stone_brick_stairs":1,"minecraft:barrel":1,"minecraft:cobblestone":34,"minecraft:mangrove_roots":1,"minecraft:bucket":1,"minecraft:sandstone_slab":5,"minecraft:acacia_planks":6},"minecraft:killed":{"minecraft:spider":2,"minecraft:vindicator":2,"minecraft:creeper":2,"minecraft:skeleton":6,"untamedwilds:tortoise":1,"minecraft:zombie":1,"minecraft:silverfish":83,"untamedwilds:snake":1,"monsterplus:overgrown_skeleton":1,"minecraft:cow":3},"minecraft:crafted":{"minecraft:coal":45,"minecraft:crafting_table":4,"minecraft:wooden_pickaxe":1,"minecraft:acacia_boat":1,"minecraft:iron_axe":1,"minecraft:stick":16,"minecraft:iron_pickaxe":1,"minecraft:stone_pickaxe":1,"minecraft:acacia_planks":32,"minecraft:torch":36,"minecraft:dark_oak_planks":16},"minecraft:mined":{"minecraft:acacia_leaves":3,"minecraft:spruce_planks":1,"untamedwilds:flora_common_reed":1,"minecraft:mangrove_roots":2,"minecraft:crafting_table":1,"gravestone:gravestone":5,"minecraft:ladder":2,"minecraft:granite":1,"minecraft:acacia_log":8,"minecraft:grass_block":1,"minecraft:tall_grass":3,"minecraft:coal_block":6,"minecraft:copper_ore":1,"minecraft:cobblestone":11,"minecraft:frosted_ice":4,"minecraft:kelp":2,"minecraft:spawner":6,"minecraft:large_fern":2,"untamedwilds:block_burrow":2,"minecraft:oak_trapdoor":2,"minecraft:packed_mud":2,"minecraft:fire":16,"minecraft:grass":15,"minecraft:coal_ore":4,"minecraft:iron_bars":1,"minecraft:sand":2,"minecraft:stone":44,"minecraft:fern":2,"minecraft:birch_pressure_plate":1},"minecraft:picked_up":{"minecraft:iron_chestplate":1,"minecraft:leather_chestplate":1,"minecraft:sandstone_slab":7,"minecraft:repeater":1,"minecraft:ladder":6,"minecraft:tripwire_hook":3,"minecraft:leather":1,"minecraft:packed_mud":2,"minecraft:stone_brick_stairs":1,"gravestone:obituary":1,"untamedwilds:food_turtle_raw":1,"minecraft:gunpowder":2,"minecraft:lantern":2,"minecraft:acacia_boat":1,"minecraft:dirt":1,"minecraft:string":5,"minecraft:oak_trapdoor":15,"minecraft:raw_copper":4,"minecraft:iron_leggings":1,"minecraft:birch_pressure_plate":1,"minecraft:bone":8,"minecraft:kelp":1,"minecraft:wheat_seeds":6,"minecraft:gold_nugget":1,"minecraft:spruce_planks":2,"minecraft:beef":5,"minecraft:spruce_slab":2,"minecraft:coal_block":5,"minecraft:black_terracotta":2,"minecraft:oak_fence":1,"minecraft:torch":3,"minecraft:acacia_log":8,"minecraft:spruce_stairs":4,"minecraft:sand":1,"minecraft:barrel":1,"minecraft:arrow":4,"minecraft:cooked_cod":1,"minecraft:granite":1,"minecraft:mangrove_roots":1,"minecraft:emerald":1,"minecraft:glow_berries":1,"minecraft:coal":2,"minecraft:iron_bars":2,"minecraft:skeleton_skull":1,"minecraft:cobblestone":54}},"DataVersion":3120}