{"stats":{"minecraft:dropped":{"minecraft:baked_potato":5,"minecraft:raw_copper":4,"minecraft:birch_pressure_plate":1,"minecraft:chainmail_boots":1,"gravestone:obituary":1,"minecraft:granite":1,"minecraft:wooden_pickaxe":1,"minecraft:cod":2},"minecraft:killed_by":{"untamedwilds:boar":1},"minecraft:custom":{"minecraft:time_since_rest":18537,"minecraft:sprint_one_cm":20903,"minecraft:damage_taken":1034,"minecraft:walk_one_cm":58223,"minecraft:mob_kills":18,"minecraft:drop":12,"minecraft:damage_dealt":2391,"minecraft:swim_one_cm":10,"minecraft:interact_with_crafting_table":4,"minecraft:open_barrel":24,"minecraft:fly_one_cm":17161,"minecraft:open_chest":3,"minecraft:crouch_one_cm":2846,"minecraft:play_time":23091,"minecraft:deaths":1,"minecraft:sneak_time":753,"minecraft:walk_under_water_one_cm":1451,"minecraft:boat_one_cm":26707,"minecraft:jump":203,"minecraft:leave_game":1,"minecraft:time_since_death":18504,"minecraft:walk_on_water_one_cm":4975,"minecraft:total_world_time":23091,"minecraft:climb_one_cm":1513,"minecraft:fall_one_cm":5363},"minecraft:used":{"minecraft:acacia_boat":1,"minecraft:stone_pickaxe":52,"minecraft:wooden_pickaxe":8,"minecraft:iron_boots":1,"minecraft:iron_sword":55,"minecraft:cooked_salmon":1,"minecraft:torch":9,"minecraft:dirt":1,"minecraft:cobblestone":23,"minecraft:crafting_table":3},"minecraft:crafted":{"minecraft:crafting_table":3,"minecraft:stick":8,"minecraft:wooden_pickaxe":1,"minecraft:stone_pickaxe":1,"minecraft:acacia_planks":32,"minecraft:torch":16,"minecraft:acacia_boat":1},"minecraft:killed":{"minecraft:skeleton":6,"minecraft:silverfish":10,"minecraft:vindicator":2},"minecraft:mined":{"minecraft:acacia_leaves":3,"gravestone:gravestone":1,"minecraft:granite":1,"minecraft:grass":2,"minecraft:acacia_log":8,"minecraft:grass_block":1,"minecraft:copper_ore":1,"minecraft:cobblestone":11,"minecraft:stone":42,"minecraft:birch_pressure_plate":1,"minecraft:spawner":4},"minecraft:picked_up":{"minecraft:leather_chestplate":1,"minecraft:acacia_log":8,"minecraft:acacia_boat":1,"minecraft:birch_pressure_plate":1,"minecraft:dirt":1,"minecraft:raw_copper":4,"minecraft:arrow":4,"minecraft:bone":7,"minecraft:granite":1,"minecraft:emerald":1,"minecraft:cobblestone":52}},"DataVersion":3120}