{"stats":{"minecraft:dropped":{"farmersdelight:tomato_seeds":2,"minecraft:bread":3,"minecraft:iron_sword":1,"minecraft:acacia_boat":1,"minecraft:wheat_seeds":6,"minecraft:lapis_lazuli":6,"minecraft:baked_potato":5,"farmersdelight:skillet":1,"untamedwilds:food_turtle_raw":1,"minecraft:sandstone_slab":2,"minecraft:glow_berries":5,"minecraft:lantern":2,"minecraft:apple":2,"minecraft:leather":1,"minecraft:granite":1,"minecraft:spruce_stairs":4,"minecraft:rail":17,"farmersdelight:rice":2,"minecraft:cod":8,"minecraft:cobweb":9,"minecraft:repeater":1,"minecraft:cooked_cod":1,"gravestone:obituary":4,"minecraft:gold_nugget":2,"minecraft:dark_oak_planks":1,"minecraft:tripwire_hook":3,"minecraft:kelp":1,"minecraft:oak_trapdoor":8,"minecraft:detector_rail":4,"minecraft:cobbled_deepslate":1,"minecraft:raw_copper":4,"minecraft:bowl":1,"minecraft:deepslate":2,"farmersdelight:cabbage_seeds":8,"minecraft:rotten_flesh":2,"minecraft:birch_pressure_plate":1,"minecraft:black_terracotta":1,"minecraft:iron_boots":1,"minecraft:glowstone_dust":1,"minecraft:name_tag":2,"minecraft:pumpkin_seeds":4,"minecraft:melon_seeds":2,"spelunkers_charm:rock":3,"minecraft:ladder":2,"minecraft:chainmail_boots":1,"farmersdelight:rope":16,"minecraft:spider_eye":3,"minecraft:arrow":1,"minecraft:iron_bars":1,"minecraft:powered_rail":6,"minecraft:beef":2,"minecraft:stone_pickaxe":1,"minecraft:wooden_pickaxe":1},"minecraft:killed_by":{"untamedwilds:boar":1,"minecraft:silverfish":3},"minecraft:custom":{"minecraft:mob_kills":134,"minecraft:interact_with_crafting_table":12,"minecraft:open_barrel":46,"minecraft:leave_game":3,"minecraft:time_since_death":51651,"minecraft:climb_one_cm":4492,"minecraft:sprint_one_cm":215072,"minecraft:walk_one_cm":261644,"minecraft:drop":105,"minecraft:play_time":94299,"minecraft:deaths":5,"minecraft:sneak_time":3454,"minecraft:walk_under_water_one_cm":34581,"minecraft:boat_one_cm":26707,"minecraft:jump":1243,"minecraft:walk_on_water_one_cm":58378,"minecraft:total_world_time":94299,"minecraft:interact_with_furnace":5,"minecraft:time_since_rest":51709,"minecraft:damage_taken":7644,"minecraft:damage_dealt":10234,"minecraft:swim_one_cm":61978,"minecraft:fly_one_cm":192405,"minecraft:open_chest":8,"minecraft:crouch_one_cm":10152,"minecraft:fall_one_cm":26394},"minecraft:broken":{"minecraft:leather_chestplate":1},"minecraft:used":{"minecraft:oak_fence":1,"minecraft:flint_and_steel":28,"minecraft:spruce_slab":2,"minecraft:ladder":4,"minecraft:spruce_planks":2,"minecraft:iron_sword":221,"minecraft:cooked_salmon":2,"minecraft:torch":124,"minecraft:dirt":2,"spelunkers_charm:deepslate_rock":3,"minecraft:dark_oak_planks":3,"minecraft:iron_axe":14,"minecraft:packed_mud":2,"minecraft:iron_boots":1,"minecraft:barrel":1,"minecraft:stone_brick_stairs":1,"minecraft:rabbit_stew":1,"minecraft:beef":5,"minecraft:mangrove_roots":1,"minecraft:furnace":3,"minecraft:cooked_cod":1,"minecraft:cooked_beef":1,"minecraft:cobbled_deepslate":2,"minecraft:acacia_planks":6,"minecraft:acacia_boat":1,"minecraft:water_bucket":4,"minecraft:stone_pickaxe":60,"minecraft:baked_potato":5,"minecraft:wooden_pickaxe":8,"minecraft:salmon":2,"minecraft:sand":1,"minecraft:tnt":1,"minecraft:crafting_table":5,"minecraft:cod":1,"minecraft:black_terracotta":1,"minecraft:apple":2,"minecraft:bread":7,"minecraft:iron_pickaxe":101,"minecraft:cobblestone":52,"minecraft:sandstone_slab":5,"minecraft:bucket":4},"minecraft:killed":{"minecraft:vindicator":2,"minecraft:spider":5,"monsterplus:crystal_zombie":7,"minecraft:skeleton":9,"monsterplus:glow_skeleton":4,"minecraft:silverfish":83,"artifacts:mimic":3,"rottencreatures:undead_miner":1,"minecraft:creeper":2,"untamedwilds:tortoise":1,"minecraft:zombie":6,"untamedwilds:snake":1,"monsterplus:overgrown_skeleton":1,"minecraft:cow":3},"minecraft:crafted":{"minecraft:oak_planks":40,"minecraft:coal":45,"spartanshields:wooden_tower_shield":1,"minecraft:furnace":3,"minecraft:iron_axe":1,"minecraft:stone_pickaxe":1,"minecraft:dark_oak_planks":16,"minecraft:cooked_beef":1,"minecraft:crafting_table":5,"spartanshields:iron_tower_shield":1,"minecraft:wooden_pickaxe":1,"sophisticatedbackpacks:gold_backpack":1,"minecraft:acacia_boat":1,"minecraft:air":0,"minecraft:stick":44,"minecraft:compass":1,"minecraft:iron_pickaxe":1,"minecraft:acacia_planks":32,"minecraft:torch":120},"minecraft:mined":{"minecraft:spruce_planks":1,"minecraft:deepslate_diamond_ore":2,"minecraft:mangrove_roots":2,"minecraft:granite":1,"minecraft:ladder":2,"gravestone:gravestone":5,"minecraft:acacia_log":8,"minecraft:grass_block":2,"minecraft:coal_block":6,"minecraft:kelp":2,"minecraft:frosted_ice":4,"minecraft:spawner":6,"minecraft:large_fern":2,"minecraft:oak_trapdoor":2,"minecraft:furnace":1,"minecraft:packed_mud":2,"minecraft:iron_ore":10,"minecraft:fire":16,"minecraft:deepslate_lapis_ore":1,"minecraft:deepslate_iron_ore":16,"minecraft:iron_bars":1,"minecraft:stone":79,"minecraft:green_bed":1,"minecraft:birch_pressure_plate":1,"minecraft:smithing_table":1,"minecraft:deepslate_redstone_ore":1,"minecraft:acacia_leaves":3,"minecraft:red_bed":1,"minecraft:crafting_table":1,"untamedwilds:flora_common_reed":1,"minecraft:blast_furnace":1,"minecraft:oak_wood":11,"spelunkers_charm:dead_grass":1,"minecraft:copper_ore":1,"minecraft:tall_grass":3,"minecraft:cobblestone":12,"spelunkers_charm:deepslate_geyser":1,"minecraft:deepslate_gold_ore":1,"minecraft:lapis_ore":6,"untamedwilds:block_burrow":2,"spelunkers_charm:rock_pile_3":1,"spelunkers_charm:deepslate_rock_pile_3":2,"minecraft:grass":15,"minecraft:coal_ore":8,"minecraft:sand":2,"minecraft:deepslate":5,"minecraft:fern":2},"minecraft:picked_up":{"minecraft:iron_chestplate":1,"minecraft:sandstone_slab":7,"minecraft:ladder":6,"minecraft:rabbit_stew":1,"minecraft:smithing_table":1,"spelunkers_charm:deepslate_rock":3,"minecraft:stone_brick_stairs":1,"gravestone:obituary":1,"minecraft:oak_trapdoor":15,"minecraft:string":7,"minecraft:raw_copper":4,"minecraft:iron_leggings":1,"minecraft:detector_rail":4,"minecraft:gold_nugget":1,"minecraft:cobbled_deepslate":3,"minecraft:spruce_planks":2,"minecraft:beef":5,"minecraft:spruce_slab":2,"minecraft:coal_block":5,"farmersdelight:cabbage_seeds":8,"minecraft:raw_iron":25,"artifacts:universal_attractor":1,"minecraft:oak_fence":1,"minecraft:green_bed":1,"minecraft:torch":4,"minecraft:acacia_log":8,"minecraft:spruce_stairs":4,"farmersdelight:tomato_seeds":2,"minecraft:redstone":5,"minecraft:arrow":5,"minecraft:rotten_flesh":2,"minecraft:cooked_cod":1,"minecraft:beetroot_seeds":6,"farmersdelight:rope":16,"minecraft:gold_ingot":2,"minecraft:mangrove_roots":1,"minecraft:glow_berries":5,"minecraft:iron_bars":2,"minecraft:skeleton_skull":1,"minecraft:rail":17,"minecraft:cobblestone":80,"minecraft:leather_chestplate":1,"farmersdelight:rice":2,"minecraft:repeater":1,"minecraft:tripwire_hook":3,"minecraft:leather":1,"artifacts:thorn_pendant":1,"spelunkers_charm:old_miners_bundle":2,"minecraft:packed_mud":2,"minecraft:gunpowder":2,"minecraft:acacia_boat":1,"farmersdelight:skillet":1,"minecraft:lapis_lazuli":28,"minecraft:dirt":2,"minecraft:lantern":2,"minecraft:name_tag":2,"untamedwilds:food_turtle_raw":1,"minecraft:birch_pressure_plate":1,"minecraft:bone":9,"minecraft:kelp":1,"minecraft:wheat_seeds":6,"minecraft:raw_gold":1,"minecraft:glowstone_dust":1,"minecraft:powered_rail":6,"minecraft:black_terracotta":2,"minecraft:sand":1,"sophisticatedbackpacks:iron_backpack":1,"minecraft:blast_furnace":1,"spelunkers_charm:candle_on_helmet":1,"minecraft:spider_eye":3,"minecraft:barrel":1,"minecraft:oak_wood":10,"minecraft:pumpkin_seeds":4,"minecraft:diamond":2,"minecraft:deepslate":2,"artifacts:crystal_heart":1,"minecraft:granite":1,"minecraft:emerald":1,"minecraft:melon_seeds":2,"spelunkers_charm:rock":3,"minecraft:coal":7}},"DataVersion":3120}