{"stats":{"minecraft:dropped":{"minecraft:acacia_boat":1,"minecraft:kelp":1,"minecraft:oak_trapdoor":7,"minecraft:baked_potato":5,"minecraft:raw_copper":4,"minecraft:sandstone_slab":2,"minecraft:black_terracotta":1,"minecraft:birch_pressure_plate":1,"minecraft:iron_boots":1,"minecraft:granite":1,"minecraft:spruce_stairs":2,"minecraft:cod":2,"minecraft:cooked_cod":1,"minecraft:ladder":2,"minecraft:chainmail_boots":1,"gravestone:obituary":4,"minecraft:gold_nugget":1,"minecraft:iron_bars":1,"minecraft:beef":1,"minecraft:stone_pickaxe":1,"minecraft:wooden_pickaxe":1,"minecraft:tripwire_hook":3},"minecraft:killed_by":{"untamedwilds:boar":1,"minecraft:silverfish":3},"minecraft:custom":{"minecraft:mob_kills":99,"minecraft:interact_with_crafting_table":8,"minecraft:open_barrel":33,"minecraft:leave_game":3,"minecraft:time_since_death":7785,"minecraft:climb_one_cm":4492,"minecraft:time_since_rest":7843,"minecraft:sprint_one_cm":65460,"minecraft:damage_taken":6439,"minecraft:walk_one_cm":131778,"minecraft:drop":34,"minecraft:damage_dealt":3761,"minecraft:swim_one_cm":60244,"minecraft:fly_one_cm":55834,"minecraft:open_chest":7,"minecraft:crouch_one_cm":5257,"minecraft:play_time":50433,"minecraft:deaths":5,"minecraft:sneak_time":1604,"minecraft:walk_under_water_one_cm":28837,"minecraft:boat_one_cm":26707,"minecraft:jump":468,"minecraft:walk_on_water_one_cm":29620,"minecraft:total_world_time":50433,"minecraft:fall_one_cm":11574},"minecraft:broken":{"minecraft:leather_chestplate":1},"minecraft:used":{"minecraft:oak_fence":1,"minecraft:acacia_boat":1,"minecraft:water_bucket":1,"minecraft:flint_and_steel":28,"minecraft:spruce_slab":2,"minecraft:stone_pickaxe":60,"minecraft:baked_potato":5,"minecraft:ladder":4,"minecraft:spruce_planks":2,"minecraft:wooden_pickaxe":8,"minecraft:iron_sword":112,"minecraft:cooked_salmon":2,"minecraft:torch":36,"minecraft:dirt":1,"minecraft:tnt":1,"minecraft:crafting_table":4,"minecraft:black_terracotta":1,"minecraft:iron_axe":1,"minecraft:bread":4,"minecraft:iron_pickaxe":5,"minecraft:packed_mud":2,"minecraft:iron_boots":1,"minecraft:stone_brick_stairs":1,"minecraft:barrel":1,"minecraft:cobblestone":34,"minecraft:bucket":1,"minecraft:sandstone_slab":5,"minecraft:acacia_planks":6},"minecraft:killed":{"minecraft:spider":2,"minecraft:vindicator":2,"minecraft:creeper":1,"minecraft:skeleton":6,"minecraft:zombie":1,"minecraft:silverfish":83,"untamedwilds:snake":1,"minecraft:cow":3},"minecraft:crafted":{"minecraft:crafting_table":4,"minecraft:wooden_pickaxe":1,"minecraft:acacia_boat":1,"minecraft:iron_axe":1,"minecraft:stick":16,"minecraft:iron_pickaxe":1,"minecraft:stone_pickaxe":1,"minecraft:acacia_planks":32,"minecraft:dark_oak_planks":16,"minecraft:torch":36},"minecraft:mined":{"minecraft:spruce_planks":1,"minecraft:acacia_leaves":3,"minecraft:crafting_table":1,"gravestone:gravestone":5,"minecraft:ladder":2,"minecraft:granite":1,"minecraft:acacia_log":8,"minecraft:grass_block":1,"minecraft:coal_block":6,"minecraft:copper_ore":1,"minecraft:cobblestone":11,"minecraft:frosted_ice":3,"minecraft:kelp":2,"minecraft:spawner":6,"untamedwilds:block_burrow":1,"minecraft:oak_trapdoor":2,"minecraft:packed_mud":2,"minecraft:fire":16,"minecraft:grass":10,"minecraft:iron_bars":1,"minecraft:stone":42,"minecraft:birch_pressure_plate":1},"minecraft:picked_up":{"minecraft:iron_chestplate":1,"minecraft:sandstone_slab":7,"minecraft:leather_chestplate":1,"minecraft:ladder":6,"minecraft:tripwire_hook":3,"minecraft:leather":1,"minecraft:packed_mud":2,"minecraft:stone_brick_stairs":1,"gravestone:obituary":1,"minecraft:acacia_boat":1,"minecraft:string":3,"minecraft:raw_copper":4,"minecraft:oak_trapdoor":14,"minecraft:dirt":1,"minecraft:iron_leggings":1,"minecraft:birch_pressure_plate":1,"minecraft:bone":7,"minecraft:kelp":1,"minecraft:gold_nugget":1,"minecraft:wheat_seeds":2,"minecraft:spruce_planks":2,"minecraft:beef":5,"minecraft:spruce_slab":2,"minecraft:coal_block":5,"minecraft:black_terracotta":2,"minecraft:oak_fence":1,"minecraft:torch":3,"minecraft:acacia_log":8,"minecraft:spruce_stairs":2,"minecraft:barrel":1,"minecraft:arrow":4,"minecraft:cooked_cod":1,"minecraft:granite":1,"minecraft:emerald":1,"minecraft:iron_bars":2,"minecraft:skeleton_skull":1,"minecraft:cobblestone":52}},"DataVersion":3120}