{"stats":{"minecraft:dropped":{"minecraft:kelp":1,"minecraft:oak_trapdoor":7,"minecraft:baked_potato":5,"minecraft:raw_copper":4,"minecraft:birch_pressure_plate":1,"minecraft:granite":1,"minecraft:cod":2,"minecraft:ladder":1,"minecraft:chainmail_boots":1,"gravestone:obituary":3,"minecraft:wooden_pickaxe":1},"minecraft:killed_by":{"untamedwilds:boar":1,"minecraft:silverfish":2},"minecraft:custom":{"minecraft:mob_kills":77,"minecraft:interact_with_crafting_table":4,"minecraft:open_barrel":27,"minecraft:leave_game":2,"minecraft:time_since_death":5268,"minecraft:climb_one_cm":3758,"minecraft:time_since_rest":5305,"minecraft:sprint_one_cm":48220,"minecraft:damage_taken":4949,"minecraft:walk_one_cm":93936,"minecraft:drop":17,"minecraft:damage_dealt":2655,"minecraft:swim_one_cm":26167,"minecraft:fly_one_cm":45927,"minecraft:open_chest":4,"minecraft:crouch_one_cm":4709,"minecraft:play_time":36756,"minecraft:deaths":3,"minecraft:sneak_time":1398,"minecraft:walk_under_water_one_cm":21944,"minecraft:boat_one_cm":26707,"minecraft:jump":355,"minecraft:walk_on_water_one_cm":16013,"minecraft:total_world_time":36756,"minecraft:fall_one_cm":10646},"minecraft:broken":{"minecraft:leather_chestplate":1},"minecraft:used":{"minecraft:acacia_boat":1,"minecraft:water_bucket":1,"minecraft:flint_and_steel":24,"minecraft:stone_pickaxe":57,"minecraft:baked_potato":5,"minecraft:ladder":4,"minecraft:spruce_planks":1,"minecraft:wooden_pickaxe":8,"minecraft:iron_sword":81,"minecraft:cooked_salmon":2,"minecraft:torch":11,"minecraft:dirt":1,"minecraft:tnt":1,"minecraft:crafting_table":3,"minecraft:bread":2,"minecraft:packed_mud":2,"minecraft:iron_boots":1,"minecraft:cobblestone":26,"minecraft:acacia_planks":2},"minecraft:killed":{"minecraft:vindicator":2,"minecraft:skeleton":6,"minecraft:silverfish":68},"minecraft:crafted":{"minecraft:crafting_table":3,"minecraft:wooden_pickaxe":1,"minecraft:acacia_boat":1,"minecraft:stick":8,"minecraft:stone_pickaxe":1,"minecraft:acacia_planks":32,"minecraft:torch":16},"minecraft:mined":{"minecraft:acacia_leaves":3,"minecraft:spruce_planks":1,"minecraft:granite":1,"gravestone:gravestone":3,"minecraft:ladder":2,"minecraft:acacia_log":8,"minecraft:grass_block":1,"minecraft:copper_ore":1,"minecraft:cobblestone":11,"minecraft:kelp":2,"minecraft:spawner":5,"minecraft:oak_trapdoor":2,"minecraft:packed_mud":2,"minecraft:fire":12,"minecraft:grass":2,"minecraft:stone":42,"minecraft:birch_pressure_plate":1},"minecraft:picked_up":{"minecraft:leather_chestplate":1,"minecraft:ladder":5,"minecraft:tripwire_hook":3,"minecraft:packed_mud":2,"minecraft:acacia_boat":1,"minecraft:dirt":1,"minecraft:oak_trapdoor":7,"minecraft:raw_copper":4,"minecraft:birch_pressure_plate":1,"minecraft:bone":7,"minecraft:kelp":1,"minecraft:spruce_planks":1,"minecraft:acacia_log":8,"minecraft:arrow":4,"minecraft:granite":1,"minecraft:emerald":1,"minecraft:cobblestone":52}},"DataVersion":3120}