{"stats":{"minecraft:dropped":{"minecraft:bread":3,"minecraft:iron_sword":1,"minecraft:acacia_boat":1,"minecraft:wheat_seeds":6,"minecraft:baked_potato":5,"untamedwilds:food_turtle_raw":1,"minecraft:sandstone_slab":2,"minecraft:glow_berries":1,"minecraft:lantern":2,"minecraft:granite":1,"minecraft:spruce_stairs":4,"minecraft:cod":2,"minecraft:repeater":1,"minecraft:cooked_cod":1,"gravestone:obituary":4,"minecraft:gold_nugget":2,"minecraft:tripwire_hook":3,"minecraft:kelp":1,"minecraft:oak_trapdoor":8,"minecraft:raw_copper":4,"minecraft:birch_pressure_plate":1,"minecraft:black_terracotta":1,"minecraft:iron_boots":1,"minecraft:ladder":2,"minecraft:chainmail_boots":1,"minecraft:spider_eye":2,"minecraft:iron_bars":1,"minecraft:beef":1,"minecraft:stone_pickaxe":1,"minecraft:wooden_pickaxe":1},"minecraft:killed_by":{"untamedwilds:boar":1,"minecraft:silverfish":3},"minecraft:custom":{"minecraft:mob_kills":108,"minecraft:interact_with_crafting_table":10,"minecraft:open_barrel":39,"minecraft:leave_game":3,"minecraft:time_since_death":27651,"minecraft:climb_one_cm":4492,"minecraft:sprint_one_cm":150529,"minecraft:walk_one_cm":180719,"minecraft:drop":54,"minecraft:play_time":70299,"minecraft:deaths":5,"minecraft:sneak_time":3302,"minecraft:walk_under_water_one_cm":31235,"minecraft:boat_one_cm":26707,"minecraft:jump":796,"minecraft:walk_on_water_one_cm":42368,"minecraft:total_world_time":70299,"minecraft:time_since_rest":27709,"minecraft:damage_taken":6822,"minecraft:damage_dealt":5855,"minecraft:swim_one_cm":61500,"minecraft:fly_one_cm":122752,"minecraft:open_chest":7,"minecraft:crouch_one_cm":9621,"minecraft:fall_one_cm":17792},"minecraft:broken":{"minecraft:leather_chestplate":1},"minecraft:used":{"minecraft:oak_fence":1,"minecraft:flint_and_steel":28,"minecraft:spruce_slab":2,"minecraft:ladder":4,"minecraft:spruce_planks":2,"minecraft:iron_sword":151,"minecraft:cooked_salmon":2,"minecraft:torch":76,"minecraft:dirt":2,"minecraft:dark_oak_planks":3,"minecraft:iron_axe":12,"minecraft:packed_mud":2,"minecraft:iron_boots":1,"minecraft:barrel":1,"minecraft:stone_brick_stairs":1,"minecraft:beef":3,"minecraft:mangrove_roots":1,"minecraft:cooked_cod":1,"minecraft:acacia_planks":6,"minecraft:acacia_boat":1,"minecraft:water_bucket":4,"minecraft:stone_pickaxe":60,"minecraft:baked_potato":5,"minecraft:wooden_pickaxe":8,"minecraft:sand":1,"minecraft:tnt":1,"minecraft:crafting_table":5,"minecraft:cod":1,"minecraft:black_terracotta":1,"minecraft:bread":7,"minecraft:iron_pickaxe":73,"minecraft:cobblestone":34,"minecraft:sandstone_slab":5,"minecraft:bucket":3},"minecraft:killed":{"minecraft:vindicator":2,"minecraft:spider":4,"minecraft:skeleton":7,"minecraft:silverfish":83,"artifacts:mimic":2,"minecraft:creeper":2,"untamedwilds:tortoise":1,"minecraft:zombie":1,"untamedwilds:snake":1,"monsterplus:overgrown_skeleton":1,"minecraft:cow":3},"minecraft:crafted":{"minecraft:oak_planks":40,"minecraft:coal":45,"spartanshields:wooden_tower_shield":1,"minecraft:iron_axe":1,"minecraft:stone_pickaxe":1,"minecraft:dark_oak_planks":16,"minecraft:crafting_table":5,"spartanshields:iron_tower_shield":1,"minecraft:wooden_pickaxe":1,"minecraft:acacia_boat":1,"minecraft:stick":24,"minecraft:iron_pickaxe":1,"minecraft:acacia_planks":32,"minecraft:torch":76},"minecraft:mined":{"minecraft:spruce_planks":1,"minecraft:mangrove_roots":2,"minecraft:granite":1,"minecraft:ladder":2,"gravestone:gravestone":5,"minecraft:acacia_log":8,"minecraft:grass_block":2,"minecraft:coal_block":6,"minecraft:kelp":2,"minecraft:frosted_ice":4,"minecraft:spawner":6,"minecraft:large_fern":2,"minecraft:oak_trapdoor":2,"minecraft:packed_mud":2,"minecraft:iron_ore":8,"minecraft:fire":16,"minecraft:deepslate_iron_ore":8,"minecraft:iron_bars":1,"minecraft:stone":79,"minecraft:birch_pressure_plate":1,"minecraft:acacia_leaves":3,"minecraft:red_bed":1,"minecraft:crafting_table":1,"untamedwilds:flora_common_reed":1,"minecraft:blast_furnace":1,"minecraft:oak_wood":11,"spelunkers_charm:dead_grass":1,"minecraft:copper_ore":1,"minecraft:tall_grass":3,"minecraft:cobblestone":11,"spelunkers_charm:deepslate_geyser":1,"minecraft:lapis_ore":2,"untamedwilds:block_burrow":2,"spelunkers_charm:rock_pile_3":1,"minecraft:grass":15,"minecraft:coal_ore":8,"minecraft:sand":2,"minecraft:fern":2},"minecraft:picked_up":{"minecraft:iron_chestplate":1,"minecraft:sandstone_slab":7,"minecraft:ladder":6,"minecraft:stone_brick_stairs":1,"gravestone:obituary":1,"minecraft:oak_trapdoor":15,"minecraft:string":7,"minecraft:raw_copper":4,"minecraft:iron_leggings":1,"minecraft:gold_nugget":1,"minecraft:spruce_planks":2,"minecraft:beef":5,"minecraft:spruce_slab":2,"minecraft:coal_block":5,"minecraft:raw_iron":16,"artifacts:universal_attractor":1,"minecraft:oak_fence":1,"minecraft:torch":4,"minecraft:acacia_log":8,"minecraft:spruce_stairs":4,"minecraft:arrow":4,"minecraft:cooked_cod":1,"minecraft:mangrove_roots":1,"minecraft:glow_berries":1,"minecraft:iron_bars":2,"minecraft:skeleton_skull":1,"minecraft:cobblestone":79,"minecraft:leather_chestplate":1,"minecraft:repeater":1,"minecraft:tripwire_hook":3,"minecraft:leather":1,"artifacts:thorn_pendant":1,"minecraft:packed_mud":2,"minecraft:gunpowder":2,"minecraft:acacia_boat":1,"minecraft:lapis_lazuli":6,"minecraft:dirt":2,"minecraft:lantern":2,"untamedwilds:food_turtle_raw":1,"minecraft:birch_pressure_plate":1,"minecraft:bone":9,"minecraft:kelp":1,"minecraft:wheat_seeds":6,"minecraft:black_terracotta":2,"minecraft:sand":1,"minecraft:blast_furnace":1,"minecraft:spider_eye":2,"minecraft:barrel":1,"minecraft:oak_wood":10,"minecraft:deepslate":1,"minecraft:granite":1,"minecraft:emerald":1,"spelunkers_charm:rock":3,"minecraft:coal":6}},"DataVersion":3120}