{"stats":{"minecraft:dropped":{"gravestone:obituary":1},"minecraft:killed_by":{"untamedwilds:boar":1},"minecraft:custom":{"minecraft:time_since_rest":6537,"minecraft:crouch_one_cm":583,"minecraft:sprint_one_cm":10107,"minecraft:play_time":11091,"minecraft:deaths":1,"minecraft:damage_taken":520,"minecraft:walk_one_cm":16125,"minecraft:sneak_time":210,"minecraft:drop":1,"minecraft:jump":70,"minecraft:damage_dealt":9,"minecraft:leave_game":1,"minecraft:walk_on_water_one_cm":1881,"minecraft:time_since_death":6504,"minecraft:climb_one_cm":318,"minecraft:total_world_time":11091,"minecraft:interact_with_crafting_table":2,"minecraft:fall_one_cm":4548,"minecraft:fly_one_cm":8761},"minecraft:used":{"minecraft:dirt":1,"minecraft:crafting_table":1,"minecraft:wooden_pickaxe":8},"minecraft:crafted":{"minecraft:acacia_planks":32,"minecraft:crafting_table":1,"minecraft:stick":8,"minecraft:wooden_pickaxe":1},"minecraft:mined":{"gravestone:gravestone":1,"minecraft:grass":2,"minecraft:acacia_log":8,"minecraft:grass_block":1,"minecraft:acacia_leaves":3,"minecraft:stone":8},"minecraft:picked_up":{"minecraft:acacia_log":8,"minecraft:dirt":1,"minecraft:cobblestone":8}},"DataVersion":3120}