{"stats":{"minecraft:dropped":{"minecraft:oak_trapdoor":1,"minecraft:lantern":2,"minecraft:spruce_stairs":2,"minecraft:cyan_wool":4,"minecraft:skeleton_skull":1,"minecraft:repeater":1,"minecraft:iron_chestplate":1,"minecraft:ladder":1,"minecraft:iron_leggings":1,"gravestone:obituary":1,"minecraft:wooden_sword":1,"minecraft:wooden_pickaxe":1,"minecraft:string":2},"minecraft:killed_by":{"minecraft:silverfish":3,"minecraft:creeper":1,"untamedwilds:hyena":1},"minecraft:custom":{"minecraft:mob_kills":56,"minecraft:interact_with_crafting_table":9,"minecraft:open_barrel":18,"minecraft:leave_game":2,"minecraft:time_since_death":1391,"minecraft:climb_one_cm":5899,"minecraft:time_since_rest":1566,"minecraft:sprint_one_cm":75014,"minecraft:damage_taken":3577,"minecraft:walk_one_cm":89313,"minecraft:drop":19,"minecraft:damage_dealt":985,"minecraft:swim_one_cm":56942,"minecraft:fly_one_cm":174213,"minecraft:open_chest":6,"minecraft:crouch_one_cm":22762,"minecraft:play_time":52288,"minecraft:deaths":6,"minecraft:sneak_time":6612,"minecraft:walk_under_water_one_cm":10103,"minecraft:jump":979,"minecraft:walk_on_water_one_cm":25875,"minecraft:total_world_time":52288,"minecraft:fall_one_cm":25682,"minecraft:inspect_dispenser":2},"minecraft:used":{"minecraft:birch_planks":1,"minecraft:baked_potato":5,"minecraft:ladder":1,"minecraft:wooden_pickaxe":4,"minecraft:iron_sword":38,"minecraft:torch":1,"minecraft:birch_pressure_plate":1,"minecraft:crafting_table":4,"minecraft:spruce_stairs":5,"minecraft:cod":2,"minecraft:salmon_bucket":1,"minecraft:iron_pickaxe":1,"minecraft:wooden_sword":1,"minecraft:cobblestone":1,"minecraft:bucket":2,"minecraft:acacia_planks":11},"minecraft:killed":{"untamedwilds:tortoise":2,"minecraft:silverfish":53},"minecraft:crafted":{"minecraft:wooden_sword":1,"minecraft:crafting_table":2,"minecraft:wooden_pickaxe":1,"minecraft:iron_sword":1,"minecraft:iron_chestplate":2,"minecraft:stick":12,"minecraft:iron_pickaxe":1,"minecraft:stone_pickaxe":1,"minecraft:iron_leggings":1,"minecraft:acacia_planks":24,"minecraft:dark_oak_planks":12},"minecraft:mined":{"minecraft:acacia_leaves":1,"minecraft:spruce_planks":3,"minecraft:crafting_table":2,"minecraft:ladder":1,"gravestone:gravestone":2,"minecraft:acacia_log":6,"minecraft:cobblestone":4,"minecraft:frosted_ice":4,"minecraft:spawner":1,"minecraft:large_fern":2,"minecraft:cyan_wool":4,"minecraft:gray_wool":1,"minecraft:birch_planks":1,"minecraft:repeater":1,"minecraft:grass":6},"minecraft:picked_up":{"minecraft:crafting_table":3,"minecraft:ladder":2,"minecraft:chainmail_boots":1,"minecraft:repeater":1,"minecraft:leather":2,"minecraft:birch_planks":1,"gravestone:obituary":1,"minecraft:oak_trapdoor":1,"minecraft:lantern":3,"untamedwilds:food_turtle_raw":4,"minecraft:birch_pressure_plate":1,"minecraft:bone":2,"minecraft:kelp":1,"minecraft:wheat_seeds":2,"minecraft:spruce_planks":12,"minecraft:beef":3,"minecraft:stone_pickaxe":1,"minecraft:cyan_wool":4,"minecraft:coal_block":1,"minecraft:iron_boots":1,"untamedwilds:flora_common_reed":1,"minecraft:torch":2,"minecraft:acacia_log":6,"minecraft:spruce_stairs":7,"minecraft:dark_oak_planks":6,"minecraft:gray_wool":1,"minecraft:baked_potato":5,"minecraft:cod":2,"minecraft:cobblestone":7}},"DataVersion":3120}