{"stats":{"minecraft:dropped":{"minecraft:cooked_beef":2,"untamedwilds:material_fat":1,"minecraft:lantern":2,"minecraft:activator_rail":3,"minecraft:spruce_stairs":2,"minecraft:rail":6,"minecraft:stick":2,"minecraft:repeater":1,"minecraft:iron_leggings":2,"gravestone:obituary":2,"minecraft:wooden_sword":1,"minecraft:gold_nugget":8,"minecraft:chainmail_leggings":1,"minecraft:string":5,"minecraft:oak_trapdoor":1,"minecraft:detector_rail":1,"minecraft:cobbled_deepslate":1,"minecraft:bowl":2,"farmersdelight:cabbage_seeds":2,"minecraft:iron_boots":1,"minecraft:shears":1,"minecraft:cyan_wool":4,"minecraft:gunpowder":20,"minecraft:skeleton_skull":1,"minecraft:iron_chestplate":1,"minecraft:beetroot_seeds":3,"minecraft:ladder":1,"minecraft:rabbit_stew":3,"minecraft:bow":1,"minecraft:stone_pickaxe":2,"minecraft:wooden_pickaxe":1},"minecraft:killed_by":{"minecraft:creeper":1,"untamedwilds:hyena":1,"minecraft:silverfish":3},"minecraft:custom":{"minecraft:mob_kills":70,"minecraft:interact_with_crafting_table":19,"minecraft:open_barrel":31,"minecraft:bell_ring":1,"minecraft:leave_game":2,"minecraft:time_since_death":73391,"minecraft:climb_one_cm":24856,"minecraft:sprint_one_cm":204372,"minecraft:walk_one_cm":354212,"minecraft:drop":57,"minecraft:talked_to_villager":4,"minecraft:play_time":124288,"minecraft:deaths":6,"minecraft:sneak_time":14796,"minecraft:walk_under_water_one_cm":16895,"minecraft:jump":2601,"minecraft:walk_on_water_one_cm":41329,"minecraft:total_world_time":124288,"minecraft:interact_with_furnace":19,"minecraft:sleep_in_bed":2,"minecraft:time_since_rest":20902,"minecraft:damage_taken":4668,"minecraft:damage_dealt":4801,"minecraft:swim_one_cm":58388,"minecraft:fly_one_cm":427431,"minecraft:open_chest":41,"minecraft:crouch_one_cm":53503,"minecraft:fall_one_cm":92377,"minecraft:inspect_dispenser":3},"minecraft:broken":{"minecraft:shears":2},"minecraft:used":{"minecraft:ladder":1,"minecraft:chest":2,"minecraft:iron_sword":124,"minecraft:torch":28,"minecraft:birch_pressure_plate":1,"spelunkers_charm:deepslate_rock":3,"minecraft:spruce_stairs":5,"minecraft:salmon_bucket":2,"minecraft:rabbit_stew":2,"untamedwilds:food_turtle_cooked":2,"minecraft:cooked_beef":1,"minecraft:acacia_planks":17,"minecraft:cobbled_deepslate":3,"minecraft:water_bucket":22,"monsterplus:crystal_clump":2,"minecraft:birch_planks":1,"minecraft:baked_potato":5,"minecraft:wooden_pickaxe":4,"minecraft:crafting_table":6,"minecraft:red_bed":2,"minecraft:cod":2,"minecraft:shears":475,"minecraft:bread":8,"minecraft:iron_pickaxe":16,"minecraft:wooden_sword":1,"minecraft:cobblestone":1,"minecraft:bucket":26},"minecraft:killed":{"minecraft:spider":2,"monsterplus:crystal_zombie":5,"minecraft:skeleton":4,"minecraft:silverfish":53,"rottencreatures:undead_miner":4,"minecraft:creeper":1,"untamedwilds:bear":1,"untamedwilds:tortoise":2,"minecraft:zombie":1},"minecraft:crafted":{"minecraft:wooden_sword":1,"untamedwilds:food_turtle_cooked":4,"minecraft:stone_pickaxe":1,"minecraft:chest":1,"minecraft:dark_oak_planks":12,"minecraft:wheat":54,"minecraft:cooked_beef":2,"minecraft:crafting_table":3,"minecraft:wooden_pickaxe":1,"minecraft:iron_sword":1,"minecraft:cooked_salmon":2,"minecraft:bread":18,"minecraft:air":0,"minecraft:iron_chestplate":2,"minecraft:stick":12,"minecraft:iron_pickaxe":1,"minecraft:iron_leggings":1,"minecraft:acacia_planks":44,"minecraft:torch":16,"minecraft:shears":3},"minecraft:mined":{"minecraft:spruce_planks":3,"minecraft:dark_oak_leaves":137,"minecraft:deepslate_diamond_ore":1,"gravestone:gravestone":3,"minecraft:ladder":1,"minecraft:acacia_log":11,"minecraft:frosted_ice":5,"minecraft:spawner":1,"minecraft:large_fern":2,"minecraft:hay_block":6,"minecraft:iron_ore":1,"minecraft:vine":20,"minecraft:deepslate_iron_ore":3,"minecraft:azalea_leaves":33,"minecraft:stone":5,"minecraft:jungle_trapdoor":3,"minecraft:acacia_leaves":2,"minecraft:red_bed":1,"minecraft:crafting_table":2,"minecraft:torch":4,"minecraft:oak_wood":1,"spelunkers_charm:dead_grass":1,"minecraft:cobblestone":4,"spelunkers_charm:deepslate_geyser":1,"minecraft:wall_torch":1,"minecraft:cyan_wool":4,"minecraft:gray_wool":1,"minecraft:birch_planks":1,"minecraft:repeater":1,"minecraft:grass":8,"minecraft:oak_leaves":299,"minecraft:deepslate":3},"minecraft:picked_up":{"minecraft:crafting_table":3,"minecraft:chainmail_boots":1,"minecraft:ladder":2,"minecraft:rabbit_stew":1,"spelunkers_charm:deepslate_rock":3,"gravestone:obituary":1,"minecraft:jungle_trapdoor":4,"minecraft:oak_trapdoor":1,"minecraft:string":5,"minecraft:red_bed":2,"minecraft:activator_rail":3,"minecraft:cobbled_deepslate":4,"minecraft:detector_rail":7,"minecraft:dark_oak_leaves":69,"minecraft:spruce_planks":12,"minecraft:beef":3,"minecraft:cyan_wool":4,"minecraft:azalea_leaves":4,"minecraft:enchanted_golden_apple":1,"minecraft:coal_block":1,"minecraft:chest":1,"farmersdelight:cabbage_seeds":2,"minecraft:iron_boots":1,"minecraft:furnace":1,"minecraft:dark_oak_sapling":2,"minecraft:stick":2,"minecraft:raw_iron":5,"untamedwilds:flora_common_reed":1,"minecraft:bowl":2,"minecraft:torch":61,"minecraft:acacia_log":11,"minecraft:spruce_stairs":7,"farmersdelight:tomato_seeds":9,"minecraft:vine":16,"minecraft:redstone":9,"minecraft:dark_oak_planks":7,"monsterplus:crystal_clump":2,"minecraft:arrow":5,"minecraft:rotten_flesh":4,"minecraft:beetroot_seeds":9,"minecraft:hay_block":6,"farmersdelight:rope":41,"minecraft:gold_ingot":2,"minecraft:cod":2,"minecraft:rail":20,"minecraft:cobblestone":19,"farmersdelight:rice":7,"minecraft:cooked_beef":1,"minecraft:repeater":1,"minecraft:leather":3,"minecraft:birch_planks":1,"spelunkers_charm:old_miners_bundle":5,"minecraft:gunpowder":1,"artifacts:cloud_in_a_bottle":1,"farmersdelight:skillet":1,"minecraft:lapis_lazuli":8,"minecraft:lantern":3,"minecraft:name_tag":2,"untamedwilds:food_turtle_raw":4,"minecraft:birch_pressure_plate":1,"minecraft:bone":6,"minecraft:kelp":1,"farmersdelight:cooking_pot":2,"untamedwilds:material_fat":1,"minecraft:bow":1,"minecraft:wheat_seeds":2,"minecraft:raw_gold":4,"minecraft:iron_ingot":7,"minecraft:stone_pickaxe":1,"minecraft:oak_planks":1,"minecraft:iron_sword":1,"minecraft:spectral_arrow":2,"minecraft:oak_wood":1,"minecraft:pumpkin_seeds":10,"minecraft:diamond":1,"monsterplus:crystal_shard":3,"minecraft:golden_apple":2,"minecraft:gray_wool":1,"minecraft:bread":5,"minecraft:baked_potato":5,"minecraft:melon_seeds":4,"minecraft:coal":8,"minecraft:oak_leaves":129}},"DataVersion":3120}