{"stats":{"minecraft:dropped":{"minecraft:oak_trapdoor":1,"minecraft:lantern":2,"minecraft:spruce_stairs":2,"minecraft:cyan_wool":4,"minecraft:skeleton_skull":1,"minecraft:repeater":1,"minecraft:iron_chestplate":1,"minecraft:ladder":1,"minecraft:iron_leggings":1,"gravestone:obituary":1,"minecraft:wooden_sword":1,"minecraft:bow":1,"minecraft:wooden_pickaxe":1,"minecraft:string":2},"minecraft:killed_by":{"minecraft:silverfish":3,"minecraft:creeper":1,"untamedwilds:hyena":1},"minecraft:custom":{"minecraft:mob_kills":59,"minecraft:interact_with_crafting_table":10,"minecraft:open_barrel":26,"minecraft:leave_game":2,"minecraft:time_since_death":13391,"minecraft:climb_one_cm":5899,"minecraft:time_since_rest":13566,"minecraft:sprint_one_cm":87330,"minecraft:damage_taken":3712,"minecraft:walk_one_cm":122873,"minecraft:drop":20,"minecraft:damage_dealt":1765,"minecraft:swim_one_cm":56942,"minecraft:fly_one_cm":198281,"minecraft:open_chest":8,"minecraft:crouch_one_cm":33471,"minecraft:play_time":64288,"minecraft:deaths":6,"minecraft:sneak_time":10164,"minecraft:walk_under_water_one_cm":10902,"minecraft:jump":1163,"minecraft:walk_on_water_one_cm":29567,"minecraft:total_world_time":64288,"minecraft:fall_one_cm":34510,"minecraft:inspect_dispenser":2},"minecraft:used":{"minecraft:water_bucket":3,"minecraft:birch_planks":1,"minecraft:baked_potato":5,"minecraft:ladder":1,"minecraft:wooden_pickaxe":4,"minecraft:iron_sword":53,"minecraft:torch":10,"minecraft:birch_pressure_plate":1,"minecraft:crafting_table":4,"minecraft:spruce_stairs":5,"minecraft:cod":2,"minecraft:salmon_bucket":2,"minecraft:bread":3,"minecraft:iron_pickaxe":12,"minecraft:wooden_sword":1,"minecraft:cobblestone":1,"minecraft:bucket":5,"minecraft:acacia_planks":17},"minecraft:killed":{"minecraft:creeper":1,"minecraft:skeleton":3,"untamedwilds:tortoise":2,"minecraft:silverfish":53},"minecraft:crafted":{"minecraft:wooden_sword":1,"minecraft:crafting_table":2,"minecraft:wooden_pickaxe":1,"minecraft:iron_sword":1,"minecraft:iron_chestplate":2,"minecraft:stick":12,"minecraft:iron_pickaxe":1,"minecraft:stone_pickaxe":1,"minecraft:iron_leggings":1,"minecraft:acacia_planks":44,"minecraft:dark_oak_planks":12,"minecraft:torch":16},"minecraft:mined":{"minecraft:acacia_leaves":2,"minecraft:spruce_planks":3,"minecraft:torch":1,"minecraft:crafting_table":2,"minecraft:ladder":1,"gravestone:gravestone":3,"minecraft:acacia_log":11,"minecraft:cobblestone":4,"spelunkers_charm:deepslate_geyser":1,"minecraft:frosted_ice":4,"minecraft:spawner":1,"minecraft:large_fern":2,"minecraft:cyan_wool":4,"minecraft:gray_wool":1,"minecraft:birch_planks":1,"minecraft:repeater":1,"minecraft:iron_ore":1,"minecraft:grass":8,"minecraft:deepslate_iron_ore":3,"minecraft:stone":5},"minecraft:picked_up":{"minecraft:crafting_table":3,"minecraft:ladder":2,"minecraft:chainmail_boots":1,"minecraft:repeater":1,"minecraft:leather":2,"minecraft:birch_planks":1,"gravestone:obituary":1,"minecraft:gunpowder":1,"minecraft:string":1,"minecraft:red_bed":1,"minecraft:oak_trapdoor":1,"minecraft:lantern":3,"untamedwilds:food_turtle_raw":4,"minecraft:birch_pressure_plate":1,"minecraft:bone":2,"minecraft:kelp":1,"minecraft:bow":1,"minecraft:wheat_seeds":2,"minecraft:spruce_planks":12,"minecraft:beef":3,"minecraft:stone_pickaxe":1,"minecraft:cyan_wool":4,"minecraft:coal_block":1,"minecraft:iron_sword":1,"minecraft:iron_boots":1,"minecraft:raw_iron":4,"untamedwilds:flora_common_reed":1,"minecraft:torch":5,"minecraft:acacia_log":11,"minecraft:spruce_stairs":7,"minecraft:dark_oak_planks":6,"minecraft:arrow":1,"minecraft:gray_wool":1,"minecraft:bread":3,"minecraft:baked_potato":5,"minecraft:cod":2,"minecraft:cobblestone":12}},"DataVersion":3120}