{"stats":{"minecraft:dropped":{"minecraft:oak_trapdoor":1,"minecraft:cooked_beef":2,"minecraft:cobbled_deepslate":1,"minecraft:iron_boots":1,"minecraft:lantern":2,"minecraft:activator_rail":3,"minecraft:spruce_stairs":2,"minecraft:cyan_wool":4,"minecraft:gunpowder":20,"minecraft:skeleton_skull":1,"minecraft:repeater":1,"minecraft:iron_chestplate":1,"minecraft:beetroot_seeds":3,"minecraft:ladder":1,"minecraft:gold_nugget":8,"minecraft:iron_leggings":2,"gravestone:obituary":1,"minecraft:wooden_sword":1,"minecraft:bow":1,"minecraft:stone_pickaxe":2,"minecraft:wooden_pickaxe":1,"minecraft:chainmail_leggings":1,"minecraft:string":3},"minecraft:killed_by":{"minecraft:silverfish":3,"minecraft:creeper":1,"untamedwilds:hyena":1},"minecraft:custom":{"minecraft:interact_with_furnace":17,"minecraft:mob_kills":60,"minecraft:interact_with_crafting_table":12,"minecraft:open_barrel":29,"minecraft:leave_game":2,"minecraft:time_since_death":25391,"minecraft:climb_one_cm":5899,"minecraft:time_since_rest":25566,"minecraft:sprint_one_cm":96665,"minecraft:damage_taken":3775,"minecraft:walk_one_cm":167740,"minecraft:drop":40,"minecraft:damage_dealt":2208,"minecraft:swim_one_cm":56942,"minecraft:fly_one_cm":218204,"minecraft:open_chest":9,"minecraft:crouch_one_cm":37676,"minecraft:play_time":76288,"minecraft:deaths":6,"minecraft:sneak_time":11454,"minecraft:walk_under_water_one_cm":10902,"minecraft:jump":1325,"minecraft:walk_on_water_one_cm":31051,"minecraft:total_world_time":76288,"minecraft:fall_one_cm":39166,"minecraft:inspect_dispenser":2},"minecraft:used":{"minecraft:water_bucket":13,"monsterplus:crystal_clump":1,"minecraft:birch_planks":1,"minecraft:baked_potato":5,"minecraft:ladder":1,"minecraft:wooden_pickaxe":4,"minecraft:iron_sword":64,"minecraft:torch":15,"minecraft:birch_pressure_plate":1,"minecraft:crafting_table":5,"minecraft:spruce_stairs":5,"minecraft:cod":2,"minecraft:salmon_bucket":2,"minecraft:bread":3,"minecraft:iron_pickaxe":12,"minecraft:wooden_sword":1,"minecraft:cobblestone":1,"untamedwilds:food_turtle_cooked":2,"minecraft:bucket":15,"minecraft:acacia_planks":17},"minecraft:killed":{"minecraft:spider":1,"minecraft:creeper":1,"monsterplus:crystal_zombie":2,"minecraft:skeleton":4,"untamedwilds:tortoise":2,"minecraft:silverfish":53},"minecraft:crafted":{"minecraft:cooked_beef":2,"minecraft:wooden_sword":1,"minecraft:crafting_table":2,"untamedwilds:food_turtle_cooked":4,"minecraft:wooden_pickaxe":1,"minecraft:iron_sword":1,"minecraft:cooked_salmon":2,"minecraft:air":0,"minecraft:iron_chestplate":2,"minecraft:stick":12,"minecraft:iron_pickaxe":1,"minecraft:stone_pickaxe":1,"minecraft:iron_leggings":1,"minecraft:acacia_planks":44,"minecraft:dark_oak_planks":12,"minecraft:torch":16},"minecraft:mined":{"minecraft:acacia_leaves":2,"minecraft:spruce_planks":3,"minecraft:torch":2,"minecraft:crafting_table":2,"minecraft:ladder":1,"gravestone:gravestone":3,"minecraft:acacia_log":11,"minecraft:cobblestone":4,"spelunkers_charm:deepslate_geyser":1,"minecraft:frosted_ice":4,"minecraft:spawner":1,"minecraft:large_fern":2,"minecraft:cyan_wool":4,"minecraft:gray_wool":1,"minecraft:birch_planks":1,"minecraft:repeater":1,"minecraft:iron_ore":1,"minecraft:grass":8,"minecraft:deepslate_iron_ore":3,"minecraft:stone":5},"minecraft:picked_up":{"minecraft:cooked_beef":1,"minecraft:crafting_table":3,"minecraft:ladder":2,"minecraft:chainmail_boots":1,"minecraft:repeater":1,"minecraft:leather":3,"minecraft:birch_planks":1,"spelunkers_charm:old_miners_bundle":1,"gravestone:obituary":1,"minecraft:gunpowder":1,"minecraft:string":3,"minecraft:red_bed":1,"minecraft:oak_trapdoor":1,"minecraft:lantern":3,"untamedwilds:food_turtle_raw":4,"minecraft:birch_pressure_plate":1,"minecraft:bone":2,"minecraft:activator_rail":3,"minecraft:kelp":1,"minecraft:bow":1,"minecraft:wheat_seeds":2,"minecraft:cobbled_deepslate":1,"minecraft:spruce_planks":12,"minecraft:iron_ingot":4,"minecraft:beef":3,"minecraft:stone_pickaxe":1,"minecraft:cyan_wool":4,"minecraft:coal_block":1,"minecraft:chest":1,"minecraft:iron_sword":1,"minecraft:furnace":1,"minecraft:iron_boots":1,"minecraft:raw_iron":4,"untamedwilds:flora_common_reed":1,"minecraft:torch":8,"minecraft:acacia_log":11,"minecraft:spruce_stairs":7,"minecraft:spectral_arrow":1,"minecraft:dark_oak_planks":6,"monsterplus:crystal_clump":1,"minecraft:rotten_flesh":4,"minecraft:arrow":4,"minecraft:beetroot_seeds":3,"farmersdelight:rope":17,"minecraft:golden_apple":1,"minecraft:gray_wool":1,"minecraft:bread":5,"minecraft:baked_potato":5,"minecraft:cod":2,"minecraft:cobblestone":12}},"DataVersion":3120}