{"stats":{"minecraft:dropped":{"minecraft:cooked_beef":2,"untamedwilds:material_fat":1,"minecraft:lantern":2,"minecraft:activator_rail":3,"minecraft:spruce_stairs":2,"minecraft:rail":6,"minecraft:stick":2,"minecraft:repeater":1,"minecraft:iron_leggings":2,"gravestone:obituary":2,"minecraft:wooden_sword":1,"minecraft:gold_nugget":8,"minecraft:chainmail_leggings":1,"minecraft:string":5,"minecraft:oak_trapdoor":1,"minecraft:detector_rail":1,"minecraft:cobbled_deepslate":1,"farmersdelight:cabbage_seeds":2,"minecraft:iron_boots":1,"minecraft:cyan_wool":4,"minecraft:gunpowder":20,"minecraft:skeleton_skull":1,"minecraft:iron_chestplate":1,"minecraft:beetroot_seeds":3,"minecraft:ladder":1,"minecraft:rabbit_stew":3,"minecraft:bow":1,"minecraft:stone_pickaxe":2,"minecraft:wooden_pickaxe":1},"minecraft:killed_by":{"minecraft:creeper":1,"untamedwilds:hyena":1,"minecraft:silverfish":3},"minecraft:custom":{"minecraft:mob_kills":70,"minecraft:interact_with_crafting_table":14,"minecraft:open_barrel":31,"minecraft:leave_game":2,"minecraft:time_since_death":49391,"minecraft:climb_one_cm":13288,"minecraft:sprint_one_cm":141355,"minecraft:walk_one_cm":243000,"minecraft:drop":55,"minecraft:play_time":100288,"minecraft:deaths":6,"minecraft:sneak_time":13595,"minecraft:walk_under_water_one_cm":16895,"minecraft:jump":2070,"minecraft:walk_on_water_one_cm":41329,"minecraft:total_world_time":100288,"minecraft:interact_with_furnace":17,"minecraft:sleep_in_bed":1,"minecraft:time_since_rest":10342,"minecraft:damage_taken":4489,"minecraft:damage_dealt":4801,"minecraft:swim_one_cm":58388,"minecraft:fly_one_cm":350966,"minecraft:open_chest":16,"minecraft:crouch_one_cm":47459,"minecraft:fall_one_cm":65752,"minecraft:inspect_dispenser":3},"minecraft:used":{"minecraft:ladder":1,"minecraft:chest":1,"minecraft:iron_sword":117,"minecraft:torch":25,"minecraft:birch_pressure_plate":1,"spelunkers_charm:deepslate_rock":3,"minecraft:spruce_stairs":5,"minecraft:salmon_bucket":2,"minecraft:rabbit_stew":2,"untamedwilds:food_turtle_cooked":2,"minecraft:cooked_beef":1,"minecraft:acacia_planks":17,"minecraft:cobbled_deepslate":3,"minecraft:water_bucket":22,"monsterplus:crystal_clump":2,"minecraft:birch_planks":1,"minecraft:baked_potato":5,"minecraft:wooden_pickaxe":4,"minecraft:crafting_table":5,"minecraft:red_bed":1,"minecraft:cod":2,"minecraft:bread":6,"minecraft:iron_pickaxe":16,"minecraft:wooden_sword":1,"minecraft:cobblestone":1,"minecraft:bucket":26},"minecraft:killed":{"minecraft:spider":2,"monsterplus:crystal_zombie":5,"minecraft:skeleton":4,"minecraft:silverfish":53,"rottencreatures:undead_miner":4,"minecraft:creeper":1,"untamedwilds:bear":1,"untamedwilds:tortoise":2,"minecraft:zombie":1},"minecraft:crafted":{"minecraft:wooden_sword":1,"untamedwilds:food_turtle_cooked":4,"minecraft:stone_pickaxe":1,"minecraft:dark_oak_planks":12,"minecraft:cooked_beef":2,"minecraft:crafting_table":2,"minecraft:wooden_pickaxe":1,"minecraft:iron_sword":1,"minecraft:cooked_salmon":2,"minecraft:air":0,"minecraft:iron_chestplate":2,"minecraft:stick":12,"minecraft:iron_pickaxe":1,"minecraft:iron_leggings":1,"minecraft:acacia_planks":44,"minecraft:torch":16},"minecraft:mined":{"minecraft:spruce_planks":3,"minecraft:dark_oak_leaves":1,"minecraft:deepslate_diamond_ore":1,"gravestone:gravestone":3,"minecraft:ladder":1,"minecraft:acacia_log":11,"minecraft:frosted_ice":5,"minecraft:spawner":1,"minecraft:large_fern":2,"minecraft:iron_ore":1,"minecraft:deepslate_iron_ore":3,"minecraft:stone":5,"minecraft:acacia_leaves":2,"minecraft:red_bed":1,"minecraft:crafting_table":2,"minecraft:torch":4,"spelunkers_charm:dead_grass":1,"minecraft:cobblestone":4,"spelunkers_charm:deepslate_geyser":1,"minecraft:cyan_wool":4,"minecraft:gray_wool":1,"minecraft:birch_planks":1,"minecraft:repeater":1,"minecraft:grass":8,"minecraft:deepslate":3},"minecraft:picked_up":{"minecraft:crafting_table":3,"minecraft:chainmail_boots":1,"minecraft:ladder":2,"minecraft:rabbit_stew":1,"spelunkers_charm:deepslate_rock":3,"gravestone:obituary":1,"minecraft:oak_trapdoor":1,"minecraft:string":5,"minecraft:red_bed":2,"minecraft:activator_rail":3,"minecraft:cobbled_deepslate":4,"minecraft:detector_rail":1,"minecraft:spruce_planks":12,"minecraft:beef":3,"minecraft:cyan_wool":4,"minecraft:coal_block":1,"minecraft:chest":1,"farmersdelight:cabbage_seeds":2,"minecraft:iron_boots":1,"minecraft:furnace":1,"minecraft:raw_iron":5,"untamedwilds:flora_common_reed":1,"minecraft:torch":21,"minecraft:acacia_log":11,"minecraft:spruce_stairs":7,"minecraft:vine":1,"minecraft:dark_oak_planks":6,"monsterplus:crystal_clump":2,"minecraft:arrow":5,"minecraft:rotten_flesh":4,"minecraft:beetroot_seeds":3,"farmersdelight:rope":24,"minecraft:cod":2,"minecraft:rail":11,"minecraft:cobblestone":19,"minecraft:cooked_beef":1,"minecraft:repeater":1,"minecraft:leather":3,"minecraft:birch_planks":1,"spelunkers_charm:old_miners_bundle":5,"minecraft:gunpowder":1,"artifacts:cloud_in_a_bottle":1,"minecraft:lapis_lazuli":4,"minecraft:lantern":3,"minecraft:name_tag":1,"untamedwilds:food_turtle_raw":4,"minecraft:birch_pressure_plate":1,"minecraft:bone":6,"minecraft:kelp":1,"farmersdelight:cooking_pot":1,"untamedwilds:material_fat":1,"minecraft:bow":1,"minecraft:wheat_seeds":2,"minecraft:raw_gold":4,"minecraft:iron_ingot":5,"minecraft:stone_pickaxe":1,"minecraft:iron_sword":1,"minecraft:spectral_arrow":2,"minecraft:diamond":1,"monsterplus:crystal_shard":3,"minecraft:golden_apple":1,"minecraft:gray_wool":1,"minecraft:bread":5,"minecraft:baked_potato":5,"minecraft:coal":8}},"DataVersion":3120}