{"stats":{"minecraft:custom":{"minecraft:jump":109,"minecraft:time_since_rest":8565,"minecraft:leave_game":1,"minecraft:crouch_one_cm":3020,"minecraft:sprint_one_cm":6017,"minecraft:play_time":8565,"minecraft:walk_on_water_one_cm":460,"minecraft:time_since_death":8565,"minecraft:walk_one_cm":10983,"minecraft:sneak_time":576,"minecraft:total_world_time":8565,"minecraft:fall_one_cm":3820,"minecraft:fly_one_cm":13611},"minecraft:crafted":{"minecraft:crafting_table":1,"minecraft:acacia_planks":24},"minecraft:mined":{"minecraft:grass":2,"minecraft:acacia_log":6,"minecraft:acacia_leaves":1},"minecraft:picked_up":{"minecraft:acacia_log":6}},"DataVersion":3120}