{"stats":{"minecraft:custom":{"minecraft:time_since_rest":16288,"minecraft:crouch_one_cm":4604,"minecraft:sprint_one_cm":13054,"minecraft:play_time":16288,"minecraft:damage_taken":195,"minecraft:walk_one_cm":24752,"minecraft:sneak_time":1225,"minecraft:walk_under_water_one_cm":1951,"minecraft:jump":200,"minecraft:leave_game":2,"minecraft:walk_on_water_one_cm":2356,"minecraft:time_since_death":16288,"minecraft:climb_one_cm":1569,"minecraft:total_world_time":16288,"minecraft:swim_one_cm":7736,"minecraft:interact_with_crafting_table":2,"minecraft:fall_one_cm":5241,"minecraft:fly_one_cm":27132},"minecraft:used":{"minecraft:cobblestone":1,"minecraft:crafting_table":2,"minecraft:baked_potato":2,"minecraft:cod":2,"minecraft:wooden_pickaxe":4},"minecraft:crafted":{"minecraft:acacia_planks":24,"minecraft:crafting_table":1,"minecraft:stick":4,"minecraft:wooden_pickaxe":1,"minecraft:stone_pickaxe":1},"minecraft:mined":{"minecraft:grass":2,"minecraft:acacia_log":6,"minecraft:acacia_leaves":1,"minecraft:cobblestone":4,"minecraft:crafting_table":2},"minecraft:picked_up":{"minecraft:crafting_table":2,"minecraft:chainmail_boots":1,"minecraft:acacia_log":6,"minecraft:baked_potato":5,"minecraft:cod":2,"minecraft:cobblestone":4}},"DataVersion":3120}