{"stats":{"minecraft:dropped":{"minecraft:skeleton_skull":1,"gravestone:obituary":1,"minecraft:wooden_sword":1,"minecraft:wooden_pickaxe":1},"minecraft:killed_by":{"minecraft:silverfish":3},"minecraft:custom":{"minecraft:time_since_rest":13450,"minecraft:sprint_one_cm":40279,"minecraft:walk_one_cm":66241,"minecraft:damage_taken":2855,"minecraft:mob_kills":53,"minecraft:drop":4,"minecraft:damage_dealt":488,"minecraft:interact_with_crafting_table":5,"minecraft:swim_one_cm":55915,"minecraft:fly_one_cm":76720,"minecraft:open_barrel":18,"minecraft:open_chest":6,"minecraft:crouch_one_cm":17797,"minecraft:play_time":40288,"minecraft:deaths":4,"minecraft:sneak_time":5525,"minecraft:walk_under_water_one_cm":9877,"minecraft:jump":593,"minecraft:leave_game":2,"minecraft:time_since_death":13419,"minecraft:walk_on_water_one_cm":22662,"minecraft:total_world_time":40288,"minecraft:climb_one_cm":5419,"minecraft:fall_one_cm":12356,"minecraft:inspect_dispenser":2},"minecraft:used":{"minecraft:birch_planks":1,"minecraft:iron_pickaxe":1,"minecraft:baked_potato":4,"minecraft:ladder":1,"minecraft:wooden_pickaxe":4,"minecraft:iron_sword":23,"minecraft:wooden_sword":1,"minecraft:birch_pressure_plate":1,"minecraft:cobblestone":1,"minecraft:crafting_table":3,"minecraft:spruce_stairs":5,"minecraft:bucket":1,"minecraft:cod":2,"minecraft:acacia_planks":11},"minecraft:killed":{"minecraft:silverfish":53},"minecraft:crafted":{"minecraft:wooden_sword":1,"minecraft:crafting_table":2,"minecraft:stick":12,"minecraft:iron_pickaxe":1,"minecraft:wooden_pickaxe":1,"minecraft:stone_pickaxe":1,"minecraft:iron_sword":1,"minecraft:acacia_planks":24,"minecraft:dark_oak_planks":12},"minecraft:mined":{"minecraft:gray_wool":1,"minecraft:repeater":1,"minecraft:cyan_wool":4,"minecraft:birch_planks":1,"minecraft:spruce_planks":3,"minecraft:acacia_leaves":1,"gravestone:gravestone":1,"minecraft:crafting_table":2,"minecraft:ladder":1,"minecraft:grass":2,"minecraft:acacia_log":6,"minecraft:cobblestone":4,"minecraft:frosted_ice":4,"minecraft:spawner":1},"minecraft:picked_up":{"minecraft:repeater":1,"minecraft:crafting_table":3,"minecraft:chainmail_boots":1,"minecraft:ladder":2,"minecraft:torch":2,"minecraft:acacia_log":6,"minecraft:spruce_stairs":7,"minecraft:birch_planks":1,"gravestone:obituary":1,"minecraft:dark_oak_planks":6,"minecraft:lantern":3,"minecraft:oak_trapdoor":1,"minecraft:birch_pressure_plate":1,"minecraft:bone":2,"minecraft:kelp":1,"minecraft:spruce_planks":12,"minecraft:stone_pickaxe":1,"minecraft:gray_wool":1,"minecraft:cyan_wool":4,"minecraft:baked_potato":5,"minecraft:coal_block":1,"minecraft:cod":2,"minecraft:iron_boots":1,"minecraft:cobblestone":7}},"DataVersion":3120}