{"stats":{"minecraft:killed_by":{"minecraft:silverfish":3},"minecraft:custom":{"minecraft:time_since_rest":1450,"minecraft:sprint_one_cm":31572,"minecraft:walk_one_cm":35534,"minecraft:damage_taken":2674,"minecraft:mob_kills":23,"minecraft:damage_dealt":298,"minecraft:interact_with_crafting_table":3,"minecraft:swim_one_cm":53382,"minecraft:fly_one_cm":63075,"minecraft:open_barrel":10,"minecraft:open_chest":2,"minecraft:crouch_one_cm":9582,"minecraft:play_time":28288,"minecraft:deaths":4,"minecraft:sneak_time":2979,"minecraft:walk_under_water_one_cm":8081,"minecraft:jump":412,"minecraft:leave_game":2,"minecraft:time_since_death":1419,"minecraft:walk_on_water_one_cm":17414,"minecraft:total_world_time":28288,"minecraft:climb_one_cm":5247,"minecraft:fall_one_cm":9436,"minecraft:inspect_dispenser":2},"minecraft:used":{"minecraft:baked_potato":2,"minecraft:ladder":1,"minecraft:wooden_pickaxe":4,"minecraft:wooden_sword":1,"minecraft:cobblestone":1,"minecraft:crafting_table":3,"minecraft:spruce_stairs":2,"minecraft:cod":2},"minecraft:killed":{"minecraft:silverfish":23},"minecraft:crafted":{"minecraft:wooden_sword":1,"minecraft:crafting_table":2,"minecraft:stick":8,"minecraft:wooden_pickaxe":1,"minecraft:stone_pickaxe":1,"minecraft:acacia_planks":24,"minecraft:dark_oak_planks":12},"minecraft:mined":{"minecraft:acacia_leaves":1,"minecraft:crafting_table":2,"minecraft:ladder":1,"minecraft:grass":2,"minecraft:acacia_log":6,"minecraft:cobblestone":4},"minecraft:picked_up":{"minecraft:crafting_table":2,"minecraft:chainmail_boots":1,"minecraft:ladder":1,"minecraft:torch":1,"minecraft:acacia_log":6,"minecraft:spruce_stairs":7,"gravestone:obituary":1,"minecraft:lantern":2,"minecraft:oak_trapdoor":1,"minecraft:birch_pressure_plate":1,"minecraft:bone":2,"minecraft:kelp":1,"minecraft:spruce_planks":7,"minecraft:baked_potato":5,"minecraft:cod":2,"minecraft:cobblestone":6}},"DataVersion":3120}